Scenario,Variant,Detection rate %,False-positive frames %,Mean centroid err (px),Smoothed err (px),Yaw cmd acc %,Heave cmd acc %,Surge cmd acc %,Full cmd acc %,Mask IoU,Spurious blobs/frame,Cmd changes /100 fr,Occluded frames,FPS
clear,Full pipeline,100.0,0.0,0.96,5.6,98.33,97.33,100.0,95.67,0.94,0.0,4.35,0.0,257.67
clear,No morphology,100.0,0.0,0.94,5.59,98.33,97.33,100.0,95.67,0.93,0.01,4.35,0.0,603.87
clear,No smoothing,100.0,0.0,0.96,0.96,99.67,99.0,100.0,98.67,0.94,0.0,4.35,0.0,549.42
clear,No min-area filter,100.0,0.0,0.96,5.6,98.33,97.33,100.0,95.67,0.94,0.0,4.35,0.0,603.78
turbid,Full pipeline,100.0,0.0,5.48,7.47,98.67,97.0,100.0,95.67,0.72,0.0,4.35,0.0,530.84
turbid,No morphology,100.0,0.0,5.44,7.44,98.67,97.0,100.0,95.67,0.73,0.2,4.35,0.0,533.76
turbid,No smoothing,100.0,0.0,5.48,5.48,99.33,98.0,100.0,97.33,0.72,0.0,4.35,0.0,316.74
turbid,No min-area filter,100.0,0.0,5.48,7.47,98.67,97.0,100.0,95.67,0.72,0.0,4.35,0.0,286.84
noisy,Full pipeline,100.0,0.0,1.45,5.72,98.33,97.67,100.0,96.0,0.92,0.01,4.35,0.0,286.45
noisy,No morphology,100.0,0.0,1.39,5.72,98.33,97.67,100.0,96.0,0.87,25.42,4.35,0.0,692.91
noisy,No smoothing,100.0,0.0,1.45,1.45,99.67,98.67,100.0,98.33,0.92,0.01,4.35,0.0,475.1
noisy,No min-area filter,100.0,0.0,1.45,5.72,98.33,97.67,100.0,96.0,0.92,0.01,4.35,0.0,224.94
distractors,Full pipeline,100.0,0.0,1.05,5.6,98.33,97.5,100.0,95.83,0.76,5.71,4.35,0.0,427.64
distractors,No morphology,100.0,0.0,1.0,5.6,98.33,97.5,100.0,95.83,0.75,5.77,4.35,0.0,835.02
distractors,No smoothing,100.0,0.0,1.05,1.05,99.67,99.0,100.0,98.67,0.76,5.71,4.35,0.0,584.52
distractors,No min-area filter,100.0,0.0,1.05,5.6,98.33,97.5,100.0,95.83,0.76,5.71,4.35,0.0,492.05
occlusion,Full pipeline,100.0,6.33,1.28,5.58,98.93,97.51,100.0,96.44,0.93,0.0,4.35,19.0,479.23
occlusion,No morphology,100.0,6.33,1.23,5.55,98.93,97.51,100.0,96.44,0.92,0.38,4.35,19.0,747.77
occlusion,No smoothing,100.0,6.33,1.28,1.28,100.0,99.29,100.0,99.29,0.93,0.0,4.35,19.0,479.35
occlusion,No min-area filter,100.0,6.33,1.28,5.58,98.93,97.51,100.0,96.44,0.93,0.0,4.35,19.0,492.15
hard,Full pipeline,100.0,1.33,4.65,6.9,98.93,97.15,100.0,96.09,0.69,3.99,3.68,19.0,492.09
hard,No morphology,100.0,1.33,4.46,6.79,98.93,97.15,100.0,96.09,0.69,5.08,3.68,19.0,708.85
hard,No smoothing,100.0,1.33,4.65,4.65,99.64,98.22,100.0,97.86,0.69,3.99,3.68,19.0,514.85
hard,No min-area filter,100.0,6.33,4.65,7.05,98.58,96.98,100.0,95.73,0.69,3.99,5.52,19.0,492.41
