Scenario,S_min,Mask IoU,Mean centroid err (px),Spurious blobs/frame,False-positive frames %
clear,30,0.9419433024294858,1.0069271907970632,0.0,0.0
clear,50,0.9418830237640728,1.006964184253953,0.0,0.0
clear,80,0.9399894319360915,0.9626693273580185,0.0,0.0
clear,110,0.932185612283539,0.8855731992553905,0.0,0.0
clear,140,0.9001709446994846,0.8231178187520964,0.0,0.0
clear,170,0.7990771164201443,1.8707319319102074,0.0,0.0
turbid,30,0.7770735458306904,4.457386882385288,0.0,0.0
turbid,50,0.7756243243144517,4.484430820077161,0.0,0.0
turbid,80,0.7238169942803128,5.4777195024756535,0.0,0.0
turbid,110,0.5410634548545236,8.924400045352963,0.0,0.0
turbid,140,0.005482018220850904,,0.31333333333333335,0.0
turbid,170,0.0,,0.0,0.0
hard,30,0.7137879295655694,4.0039517803759885,3.9433333333333334,1.3333333333333335
hard,50,0.7100265925645212,4.084131384436195,3.9433333333333334,1.3333333333333335
hard,80,0.6831138472202901,4.627769528148943,3.9433333333333334,1.3333333333333335
hard,110,0.6086730465924097,6.51681388212751,2.453333333333333,1.3333333333333335
hard,140,0.3102826024021782,11.653122513337435,0.023333333333333334,0.6666666666666667
hard,170,0.0,,0.0,0.0
